<?xml version="1.0" encoding="UTF-8"?><?xml-stylesheet type='text/xsl' href='_UpgradeReport_Files/UpgradeReport.xslt'?><UpgradeLog>
<Properties><Property Name="Solution" Value="WestWorld1">
</Property><Property Name="Solution File" Value="D:\code\AI Source\LATEST vc6-vc8\VS2010\Buckland_Chapter2-State Machines\WestWorld1\WestWorld1.sln">
</Property><Property Name="Date" Value="06 January 2012">
</Property><Property Name="Time" Value="12:29">
</Property></Properties><Event ErrorLevel="0" Project="WestWorld1" Source="WestWorld1.vcproj" Description="Converting project file 'D:\code\AI Source\LATEST vc6-vc8\VS2010\Buckland_Chapter2-State Machines\WestWorld1\WestWorld1.vcproj'.">
</Event><Event ErrorLevel="1" Project="WestWorld1" Source="WestWorld1.vcproj" Description="This application has been updated to include settings related to the User Account Control (UAC) feature of Windows Vista. By default, when run on Windows Vista with UAC enabled, this application is marked to run with the same privileges as the process that launched it. This marking also disables the application from running with virtualization. You can change UAC related settings from the Property Pages of the project.">
</Event><Event ErrorLevel="1" Project="WestWorld1" Source="WestWorld1.vcproj" Description="VCWebServiceProxyGeneratorTool is no longer supported. The tool has been removed from your project settings.">
</Event><Event ErrorLevel="0" Project="WestWorld1" Source="WestWorld1.vcproj" Description="Web deployment to the local IIS server is no longer supported. The Web Deployment build tool has been removed from your project settings.">
</Event><Event ErrorLevel="1" Project="WestWorld1" Source="WestWorld1.vcproj" Description="MSB8012: $(TargetPath) ('D:\code\AI Source\LATEST vc6-vc8\VS2010\Buckland_Chapter2-State Machines\WestWorld1\.\Debug\WestWorld1.exe') does not match the Linker's OutputFile property value '.\Debug/WestWorld1.exe' ('D:\code\AI Source\LATEST vc6-vc8\VS2010\Buckland_Chapter2-State Machines\WestWorld1\Debug/WestWorld1.exe') in project configuration 'Debug|Win32'. This may cause your project to build incorrectly. To correct this, please make sure that $(TargetPath) property value matches the value specified in %(Link.OutputFile).">
</Event><Event ErrorLevel="1" Project="WestWorld1" Source="WestWorld1.vcproj" Description="MSB8012: $(TargetPath) ('D:\code\AI Source\LATEST vc6-vc8\VS2010\Buckland_Chapter2-State Machines\WestWorld1\.\Release\WestWorld1.exe') does not match the Linker's OutputFile property value '.\Release/WestWorld1.exe' ('D:\code\AI Source\LATEST vc6-vc8\VS2010\Buckland_Chapter2-State Machines\WestWorld1\Release/WestWorld1.exe') in project configuration 'Release|Win32'. This may cause your project to build incorrectly. To correct this, please make sure that $(TargetPath) property value matches the value specified in %(Link.OutputFile).">
</Event><Event ErrorLevel="0" Project="WestWorld1" Source="WestWorld1.vcproj" Description="Done converting to new project file 'D:\code\AI Source\LATEST vc6-vc8\VS2010\Buckland_Chapter2-State Machines\WestWorld1\WestWorld1.vcxproj'.">
</Event><Event ErrorLevel="3" Project="WestWorld1" Source="WestWorld1.vcproj" Description="Converted">
</Event><Event ErrorLevel="0" Project="" Source="WestWorld1.sln" Description="Solution converted successfully">
</Event><Event ErrorLevel="3" Project="" Source="WestWorld1.sln" Description="Converted">
</Event></UpgradeLog>